{
    "max_velocity": 25,
    "num_Step": 100,
    "radius": 30,
    "screenSize": [
        580,
        580
    ],
    "eps": 0.1,
    "road": [
        290,
        116
    ],
    "vehicle_start": [
        88,
        262,
        8.280777757009126,
        0,
        0,
        0
    ],
    "num_obstacles": 3,
    "obstacles": [
        [
            470,
            262,
            18.01748765834161,
            0,
            0,
            1.1573928668191287
        ],
        [
            53,
            318,
            13.309770825360577,
            0,
            0,
            1.0151452091795212
        ],
        [
            16,
            318,
            17.165259974145126,
            0,
            0,
            1.9062752378131154
        ]
    ]
}