{
    "max_velocity": 25,
    "num_Step": 50,
    "radius": 30,
    "screenSize": [
        580,
        580
    ],
    "road": [
        290,
        116
    ],
    "vehicle_start": [
        100,
        225,
        13.299179065664333,
        0,
        0,
        0
    ],
    "vehicle_end": [
        580,
        225,
        13.299179065664333,
        0,
        0,
        0
    ],
    "num_obstacles": 3,
    "obstacles": [
        [
            10,
            225,
            16.308432250323092,
            0,
            0,
            0
        ],
        [
            20,
            340,
            14.2921773599984,
            0,
            0,
            0
        ],
        [
            180,
            210,
            14.726883714468157,
            0,
            0,
            0
        ]
    ]
}