{
    "max_velocity": 25,
    "num_Step": 50,
    "radius": 30,
    "screenSize": [
        580,
        580
    ],
    "eps": 0.1, 
    "road": [
        290,
        116
    ],
    "vehicle_start": [
        8,
        233,
        16.62201853915836,
        0,
        0,
        1
    ],
    "vehicle_end": [
        290,
        233,
        16.62201853915836,
        0,
        0,
        0
    ],
    "num_obstacles": 3,
    "obstacles": [
        [
            100,
            356,
            16.122629588526898,
            0,
            0,
            1.4
        ],
        [
            180,
            344,
            16.389274283917594,
            0,
            0,
            1.7
        ],
        [
            211,
            348,
            15.499347410327248,
            0,
            0,
            2
        ]
    ]
}