{
    "max_velocity": 25,
    "num_Step": 100,
    "radius": 30,
    "screenSize": [
        580,
        580
    ],
    "eps": 0.5,
    "road": [
        290,
        116
    ],
    "vehicle_start": [
        100,
        240,
        14,
        0,
        0,
        1
    ],
    "vehicle_end": [
        580,
        225,
        13.299179065664333,
        0,
        0,
        0
    ],
    "num_obstacles": 2,
    "obstacles": [
        [
            10,
            225,
            14,
            0,
            0,
            1
        ],
        [
            20,
            340,
            14,
            0,
            0,
            1
        ],
        [
            100,
            340,
            14.726883714468157,
            0,
            0,
            1
        ]
    ]
}